 id, getfastauniprotentry, sequencedatabase, bioinformaticsprogram, uniprotaccession, searchsimple, extractposition, bioinformaticsparameter, searchparallel, bioinformaticsprograms, searchparam, getfastaddbjentry, ddbjaccession, biologicalsequencedatabase, seqret, getnucleotidefasta, getproteinfasta, jobid, isrunning, getstatus, parametersxml, email, sequence, bytetostring, getresult, run, isdone, checkstatus, blastprogram, contentlist, emailaddress, gettextresult, getxmlresult, inputdata, jobparams, searchdatabase, sequenceorid, runwublast, decodetextresult, decodexmlresult, gethitidlist, askforemail, askforsequence, makedatabaselist, makeprogramlist, ebiwublast, selectdatabase, selectprogram, fastaprogram, inputdatalist, fastajobparams, unpacktextresult, unpackxmlresult, runfasta, getids, runncbiblast, ebincbiblast, getalignmentresult, getguidetreeresult, getoutputresult, sequences, unpackalignmentresult, unpackguidetreeresult, unpackoutputresult, runclustalw, runinterproscan, ebiinterproscan, contentslist, getnjtreeresult, getoutput, getphyliptreeresult, sequencealignment, unpacknjtree, unpackoutput, unpackphyliptree, idlist, formatlistfordbfetch, fetchbatch, blastddbj, query, sss, sssprogram, msa, runphobius, unpacktextoutput, tmap, issequence, fetchdata, formatasgff, getalignment, unpackalignment, blastsimplifier, minimumorflength, translationtable, getorf, fastastring, addangle, splitintosequences, fastastringtofastalist, queryseq, gi, buildfastaseq, extractaccver, extractdes, extractseq, flattenlist, xpathfromtext, runefetchms, mergestringlisttostring, sequenceoridorgi, isgi, getfastafromgi, extractentries, uniparcid, buildinterpromatchesuniparcurl, getentryfromsrs, checkforsrserror, picrinputparams, getupiforsequence, unwrappicrresult, ginumber, job, wsarrayofdataxml, contentxml, poll, 
 t, f, f, f, f, f, f, f, f, f, f, f, f, f, f, f, f, f, f, f, f, f, f, f, f, f, f, f, f, f, f, f, f, f, f, f, f, f, f, f, f, f, f, f, f, f, f, f, f, f, f, f, f, f, f, f, f, f, f, f, f, f, f, f, f, f, f, f, f, f, f, f, f, f, f, f, f, f, f, f, f, f, f, f, f, f, f, f, f, f, f, f, f, f, f, f, f, f, f, f, f, f, f, f, f, f, f, f, f, f, f, f, f, f, f, f, f, f, f, f, f, f, f, f, f, 
 f, t, t, t, t, t, t, f, f, f, f, f, f, f, f, f, f, f, f, f, f, f, f, f, f, f, f, f, f, f, f, f, f, f, f, f, f, f, f, f, f, f, f, f, f, f, f, f, f, f, f, f, f, f, f, f, f, f, f, f, f, f, f, f, f, f, f, f, f, f, f, f, f, f, f, f, f, f, f, f, f, f, f, f, f, f, f, f, f, f, f, f, f, f, f, f, f, f, f, f, f, f, f, f, f, f, f, f, f, f, f, f, f, f, f, f, f, f, f, f, f, f, f, f, f, 
 f, t, t, t, t, f, t, t, t, f, f, f, f, f, f, f, f, f, f, f, f, f, f, f, f, f, f, f, f, f, f, f, f, f, f, f, f, f, f, f, f, f, f, f, f, f, f, f, f, f, f, f, f, f, f, f, f, f, f, f, f, f, f, f, f, f, f, f, f, f, f, f, f, f, f, f, f, f, f, f, f, f, f, f, f, f, f, f, f, f, f, f, f, f, f, f, f, f, f, f, f, f, f, f, f, f, f, f, f, f, f, f, f, f, f, f, f, f, f, f, f, f, f, f, f, 
 f, t, t, f, t, f, f, t, f, t, t, f, f, f, f, f, f, f, f, f, f, f, f, f, f, f, f, f, f, f, f, f, f, f, f, f, f, f, f, f, f, f, f, f, f, f, f, f, f, f, f, f, f, f, f, f, f, f, f, f, f, f, f, f, f, f, f, f, f, f, f, f, f, f, f, f, f, f, f, f, f, f, f, f, f, f, f, f, f, f, f, f, f, f, f, f, f, f, f, f, f, f, f, f, f, f, f, f, f, f, f, f, f, f, f, f, f, f, f, f, f, f, f, f, f, 
 f, f, t, t, f, t, t, f, f, f, f, t, t, f, f, f, f, f, f, f, f, f, f, f, f, f, f, f, f, f, f, f, f, f, f, f, f, f, f, f, f, f, f, f, f, f, f, f, f, f, f, f, f, f, f, f, f, f, f, f, f, f, f, f, f, f, f, f, f, f, f, f, f, f, f, f, f, f, f, f, f, f, f, f, f, f, f, f, f, f, f, f, f, f, f, f, f, f, f, f, f, f, f, f, f, f, f, f, f, f, f, f, f, f, f, f, f, f, f, f, f, f, f, f, f, 
 f, t, t, t, t, f, t, t, t, f, f, f, f, f, f, f, f, f, f, f, f, f, f, f, f, f, f, f, f, f, f, f, f, f, f, f, f, f, f, f, f, f, f, f, f, f, f, f, f, f, f, f, f, f, f, f, f, f, f, f, f, f, f, f, f, f, f, f, f, f, f, f, f, f, f, f, f, f, f, f, f, f, f, f, f, f, f, f, f, f, f, f, f, f, f, f, f, f, f, f, f, f, f, f, f, f, f, f, f, f, f, f, f, f, f, f, f, f, f, f, f, f, f, f, f, 
 f, f, t, f, f, f, f, t, f, t, t, t, t, f, f, f, f, f, f, f, f, f, f, f, f, f, f, f, f, f, f, f, f, f, f, f, f, f, f, f, f, f, f, f, f, f, f, f, f, f, f, f, f, f, f, f, f, f, f, f, f, f, f, f, f, f, f, f, f, f, f, f, f, f, f, f, f, f, f, f, f, f, f, f, f, f, f, f, f, f, f, f, f, f, f, f, f, f, f, f, f, f, f, f, f, f, f, f, f, f, f, f, f, f, f, f, f, f, f, f, f, f, f, f, f, 
 f, f, f, f, f, t, f, f, f, f, f, t, t, f, f, f, f, f, f, f, f, f, f, f, f, f, f, f, f, f, f, f, f, f, f, f, f, f, f, f, f, f, f, f, f, f, f, f, f, f, f, f, f, f, f, f, f, f, f, f, f, f, f, f, f, f, f, f, f, f, f, f, f, f, f, f, f, f, f, f, f, f, f, f, f, f, f, f, f, f, f, f, f, f, f, f, f, f, f, f, f, f, f, f, f, f, f, f, f, f, f, f, f, f, f, f, f, f, f, f, f, f, f, f, f, 
 f, t, t, t, t, f, f, t, t, f, f, f, f, f, f, f, f, f, f, f, f, f, f, f, f, f, f, f, f, f, f, f, f, f, f, f, f, f, f, f, f, f, f, f, f, f, f, f, f, f, f, f, f, f, f, f, f, f, f, f, f, f, f, f, f, f, f, f, f, f, f, f, f, f, f, f, f, f, f, f, f, f, f, f, f, f, f, f, f, f, f, f, f, f, f, f, f, f, f, f, f, f, f, f, f, f, f, f, f, f, f, f, f, f, f, f, f, f, f, f, f, f, f, f, f, 
 f, t, f, t, t, t, f, f, f, f, f, f, f, t, f, f, f, f, f, f, f, f, f, f, f, f, f, f, f, f, f, f, f, f, f, f, f, f, f, f, f, f, f, f, f, f, f, f, f, f, f, f, f, f, f, f, f, f, f, f, f, f, f, f, f, f, f, f, f, f, f, f, f, f, f, f, f, f, f, f, f, f, f, f, f, f, f, f, f, f, f, f, f, f, f, f, f, f, f, f, f, f, f, f, f, f, f, f, f, f, f, f, f, f, f, f, f, f, f, f, f, f, f, f, f, 
 f, f, t, t, f, f, f, t, t, f, f, t, t, f, f, f, f, f, f, f, f, f, f, f, f, f, f, f, f, f, f, f, f, f, f, f, f, f, f, f, f, f, f, f, f, f, f, f, f, f, f, f, f, f, f, f, f, f, f, f, f, f, f, f, f, f, f, f, f, f, f, f, f, f, f, f, f, f, f, f, f, f, f, f, f, f, f, f, f, f, f, f, f, f, f, f, f, f, f, f, f, f, f, f, f, f, f, f, f, f, f, f, f, f, f, f, f, f, f, f, f, f, f, f, f, 
 f, f, f, t, f, t, f, f, f, f, f, t, t, t, f, f, f, f, f, f, f, f, f, f, f, f, f, f, f, f, f, f, f, f, f, f, f, f, f, f, f, f, f, f, f, f, f, f, f, f, f, f, f, f, f, f, f, f, f, f, f, f, f, f, f, f, f, f, f, f, f, f, f, f, f, f, f, f, f, f, f, f, f, f, f, f, f, f, f, f, f, f, f, f, f, f, f, f, f, f, f, f, f, f, f, f, f, f, f, f, f, f, f, f, f, f, f, f, f, f, f, f, f, f, f, 
 f, f, f, f, f, f, f, f, f, f, f, f, f, f, t, f, f, f, f, f, f, f, f, f, f, f, f, f, f, f, f, f, f, f, f, f, f, f, f, f, f, f, f, f, f, f, f, f, f, f, f, f, f, f, f, f, f, f, f, f, f, f, f, f, f, f, f, f, f, f, f, f, f, f, f, f, f, f, f, f, f, f, f, f, f, f, f, f, f, f, f, f, f, f, f, f, f, f, f, f, f, f, f, f, f, f, f, f, f, f, f, f, f, f, f, f, f, f, f, f, f, f, f, f, f, 
 f, f, f, f, f, f, f, f, f, f, f, f, f, f, t, f, f, f, f, f, f, f, f, f, f, f, f, f, f, f, f, f, f, f, f, f, f, f, f, f, f, f, f, f, f, f, f, f, f, f, f, f, f, f, f, f, f, f, f, f, f, f, f, f, f, f, f, f, f, f, f, f, f, f, f, f, f, f, f, f, f, f, f, f, f, f, f, f, f, f, f, f, f, f, f, f, f, f, f, f, f, f, f, f, f, f, f, f, f, f, f, f, f, f, f, f, f, f, f, f, f, f, f, f, f, 
 f, f, f, f, f, f, f, f, f, f, f, f, f, f, f, f, f, f, f, f, f, f, f, f, f, f, f, f, f, f, f, f, f, f, f, f, f, f, f, f, f, f, f, f, f, f, f, f, f, f, f, f, f, f, f, f, f, f, f, f, f, f, f, f, f, f, f, f, f, f, f, f, f, f, f, f, f, f, f, f, f, f, f, f, f, f, f, f, f, f, f, f, f, f, f, f, f, f, f, f, f, f, f, f, f, f, f, f, f, f, f, f, f, f, f, f, f, f, f, f, f, f, f, f, f, 
 f, f, f, f, f, f, f, f, f, f, f, f, f, f, f, t, t, f, f, f, f, f, f, f, f, f, f, f, f, f, f, f, f, f, f, f, f, f, f, f, f, f, f, f, f, f, f, f, f, f, f, f, f, f, f, f, f, f, f, f, f, f, f, f, f, f, f, f, f, f, f, f, f, f, f, f, f, f, f, f, f, f, f, f, f, f, f, f, f, f, f, f, f, f, f, f, f, f, f, f, f, f, f, f, f, f, f, f, f, f, f, f, f, f, f, f, f, f, f, f, f, f, f, f, f, 
 f, f, f, f, f, f, f, f, f, f, f, f, f, f, f, f, f, t, t, t, t, t, t, t, t, t, f, f, f, f, f, f, f, f, f, f, f, f, f, f, f, f, f, f, f, f, f, f, f, f, f, f, f, f, f, f, f, f, f, f, f, f, f, f, f, f, f, f, f, f, f, f, f, f, f, f, f, f, f, f, f, f, f, f, f, f, f, f, f, f, f, f, f, f, f, f, f, f, f, f, f, f, f, f, f, f, f, f, f, f, f, f, f, f, f, f, f, f, f, f, f, f, f, f, f, 
 f, f, f, f, f, f, f, f, f, f, f, f, f, f, f, f, f, t, t, t, t, t, t, t, t, t, f, f, f, f, f, f, f, f, f, f, f, f, f, f, f, f, f, f, f, f, f, f, f, f, f, f, f, f, f, f, f, f, f, f, f, f, f, f, f, f, f, f, f, f, f, f, f, f, f, f, f, f, f, f, f, f, f, f, f, f, f, f, f, f, f, f, f, f, f, f, f, f, f, f, f, f, f, f, f, f, f, f, f, f, f, f, f, f, f, f, f, f, f, f, f, f, f, f, f, 
 f, f, f, f, f, f, f, f, f, f, f, f, f, f, f, f, f, t, f, f, f, f, f, f, f, f, t, t, t, t, t, t, t, t, t, t, t, t, t, t, t, f, f, f, f, f, f, f, f, f, f, f, f, f, f, f, f, f, f, f, f, f, f, f, f, f, f, f, f, f, f, f, f, f, f, f, f, f, f, f, f, f, f, f, f, f, f, f, f, f, f, f, f, f, f, f, f, f, f, f, f, f, f, f, f, f, f, f, f, f, f, f, f, f, f, f, f, f, f, f, f, f, f, f, f, 
 f, f, f, f, f, f, f, f, f, f, f, f, f, f, f, f, f, t, f, f, f, f, f, f, f, f, t, t, t, t, t, t, t, t, t, t, t, t, t, t, t, t, t, t, t, t, t, t, f, f, f, f, f, f, f, f, f, f, f, f, f, f, f, f, f, f, f, f, f, f, f, f, f, f, f, f, f, f, f, f, f, f, f, f, f, f, f, f, f, f, f, f, f, f, f, f, f, f, f, f, f, f, f, f, f, f, f, f, f, f, f, f, f, f, f, f, f, f, f, f, f, f, f, f, f, 
 f, f, f, f, f, f, f, f, f, f, f, f, f, f, f, f, f, t, f, f, f, t, f, f, f, f, t, t, f, f, f, t, t, t, f, f, t, f, f, f, f, f, f, f, f, f, f, f, t, t, t, t, t, t, t, f, f, f, f, f, f, f, f, f, f, f, f, f, f, f, f, f, f, f, f, f, f, f, f, f, f, f, f, f, f, f, f, f, f, f, f, f, f, f, f, f, f, f, f, f, f, f, f, f, f, f, f, f, f, f, f, f, f, f, f, f, f, f, f, f, f, f, f, f, f, 
 f, f, f, f, f, f, f, f, f, f, f, f, f, f, f, f, f, f, f, f, f, f, f, f, f, f, f, f, f, f, f, f, f, f, f, f, f, f, f, f, f, t, t, t, f, f, t, f, f, f, f, f, f, f, f, f, f, f, f, f, f, f, f, f, f, f, f, f, f, f, f, f, f, f, f, f, f, f, f, f, f, f, f, f, f, f, f, f, f, f, f, f, f, f, f, f, f, f, f, f, f, f, f, f, f, f, f, f, f, f, f, f, f, f, f, f, f, f, f, f, f, f, f, f, f, 
 f, f, f, f, f, f, f, f, f, f, f, f, f, f, f, f, f, t, f, f, f, f, f, f, f, f, t, t, t, t, t, t, t, t, t, t, t, f, f, f, f, f, f, f, f, f, f, f, f, f, f, t, t, f, t, t, f, f, f, f, f, f, f, f, f, f, f, f, f, f, f, f, f, f, f, f, f, f, f, f, f, f, f, f, f, f, f, f, f, f, f, f, f, f, f, f, f, f, f, f, f, f, f, f, f, f, f, f, f, f, f, f, f, f, f, f, f, f, f, f, f, f, f, f, f, 
 f, f, f, f, f, f, f, f, f, f, f, f, f, f, f, f, f, t, f, f, f, f, f, f, f, f, t, t, t, t, t, t, t, t, t, t, t, f, f, f, f, t, t, t, t, f, t, t, f, f, f, t, t, f, t, t, t, f, f, f, f, f, f, f, f, f, f, f, f, f, f, f, f, f, f, f, f, f, f, f, f, f, f, f, f, f, f, f, f, f, f, f, f, f, f, f, f, f, f, f, f, f, f, f, f, f, f, f, f, f, f, f, f, f, f, f, f, f, f, f, f, f, f, f, f, 
 f, f, f, f, f, f, f, f, f, f, f, f, f, f, f, f, f, t, f, f, f, f, f, f, f, f, t, t, f, t, t, f, f, t, t, f, f, f, f, f, f, f, f, f, f, f, f, f, f, f, f, f, f, f, f, f, f, t, t, t, t, t, t, t, t, f, f, f, f, f, f, f, f, f, f, f, f, f, f, f, f, f, f, f, f, f, f, f, f, f, f, f, f, f, f, f, f, f, f, f, f, f, f, f, f, f, f, f, f, f, f, f, f, f, f, f, f, f, f, f, f, f, f, f, f, 
 f, f, f, f, f, f, f, f, f, f, f, f, f, f, f, f, f, t, f, f, f, f, f, f, f, f, t, t, f, t, t, t, t, t, t, f, t, f, f, f, f, f, f, f, f, f, f, f, f, f, f, t, t, f, f, f, f, f, f, f, f, f, f, f, f, t, f, f, f, f, f, f, f, f, f, f, f, f, f, f, f, f, f, f, f, f, f, f, f, f, f, f, f, f, f, f, f, f, f, f, f, f, f, f, f, f, f, f, f, f, f, f, f, f, f, f, f, f, f, f, f, f, f, f, f, 
 f, f, f, f, f, f, f, f, f, f, f, f, f, f, f, f, f, t, f, f, f, f, f, f, f, f, t, t, f, t, t, t, t, t, t, f, t, f, f, f, f, t, t, f, f, f, f, f, f, f, f, t, t, f, f, f, f, f, f, f, f, f, f, f, f, t, t, f, f, f, f, f, f, f, f, f, f, f, f, f, f, f, f, f, f, f, f, f, f, f, f, f, f, f, f, f, f, f, f, f, f, f, f, f, f, f, f, f, f, f, f, f, f, f, f, f, f, f, f, f, f, f, f, f, f, 
 f, f, f, f, f, f, f, f, f, f, f, f, f, f, f, f, f, t, f, f, f, f, f, f, f, f, t, t, f, f, t, f, f, t, t, f, f, f, f, f, f, f, f, f, f, f, f, f, f, f, f, f, f, f, f, f, f, f, f, f, f, f, f, f, t, f, f, t, t, t, t, t, t, t, t, f, f, f, f, f, f, f, f, f, f, f, f, f, f, f, f, f, f, f, f, f, f, f, f, f, f, f, f, f, f, f, f, f, f, f, f, f, f, f, f, f, f, f, f, f, f, f, f, f, f, 
 f, f, f, f, f, f, f, f, f, f, f, f, f, f, f, f, f, t, f, f, f, f, f, f, f, f, t, t, f, t, t, f, f, t, t, f, f, f, f, f, f, f, f, f, f, f, f, f, f, f, f, f, f, f, f, f, f, t, t, t, t, t, t, t, t, f, f, t, t, t, t, t, t, t, t, f, f, f, f, f, f, f, f, f, f, f, f, f, f, f, f, f, f, f, f, f, f, f, f, f, f, f, f, f, f, f, f, f, f, f, f, f, f, f, f, f, f, f, f, f, f, f, f, f, f, 
 f, f, f, f, f, f, f, f, f, f, f, f, f, f, f, f, f, t, f, f, f, f, f, f, f, f, t, t, f, f, t, t, t, t, t, t, t, f, f, f, f, f, f, f, f, f, f, f, f, f, f, t, t, f, t, f, f, f, f, f, f, f, f, f, f, f, f, t, f, f, f, f, f, f, f, f, f, f, f, f, f, f, f, f, f, f, f, f, f, f, f, f, f, f, f, f, f, f, f, f, f, f, f, f, f, f, f, f, f, f, f, f, f, f, f, f, f, f, f, f, f, f, f, f, f, 
 f, f, f, f, f, f, f, f, f, f, f, f, f, f, f, f, f, f, f, f, f, f, f, f, f, f, f, f, f, f, f, f, f, f, f, f, f, f, f, f, f, f, f, f, f, f, f, f, f, f, f, f, f, f, f, f, f, f, f, f, f, f, f, f, f, f, f, f, f, f, f, f, f, f, f, t, t, t, f, f, f, f, f, f, f, f, f, f, f, f, f, f, f, f, f, f, f, f, f, f, f, f, f, f, f, f, f, f, f, f, f, f, f, f, f, f, f, f, f, f, f, f, f, f, f, 
 f, f, f, f, f, f, f, f, f, f, f, f, f, f, f, f, f, f, f, f, f, f, f, f, f, f, f, f, f, f, f, f, f, f, f, f, f, f, f, f, f, f, f, f, f, f, f, f, f, f, f, f, f, f, f, f, f, f, f, f, f, f, f, f, f, f, f, f, f, f, f, f, f, f, f, f, f, f, t, t, f, f, f, f, f, f, f, f, f, f, f, f, f, f, f, f, f, f, f, f, f, f, f, f, f, f, f, f, f, f, f, f, f, f, f, f, f, f, f, f, f, f, f, f, f, 
 f, f, f, f, f, f, f, f, f, f, f, f, f, f, f, f, f, t, f, f, f, t, f, f, f, f, t, t, t, t, t, t, t, t, t, t, t, t, t, t, t, f, f, f, f, f, f, f, f, f, f, f, f, f, f, f, f, t, t, t, t, t, t, t, t, f, f, t, t, t, t, t, t, t, t, t, t, t, f, f, t, t, t, f, f, f, f, f, f, f, f, f, f, f, f, f, f, f, f, f, f, f, f, f, f, f, f, f, f, f, f, f, f, f, f, f, f, f, f, f, f, f, f, f, f, 
 f, f, f, f, f, f, f, f, f, f, f, f, f, f, f, f, f, t, f, f, f, t, f, f, f, f, t, t, f, f, f, t, f, t, t, f, t, f, f, f, f, f, f, f, f, f, f, f, f, f, f, f, f, f, f, f, f, f, f, f, f, f, f, f, f, f, f, t, f, f, f, f, f, f, f, f, f, f, f, f, f, f, f, t, t, f, f, f, f, f, f, f, f, f, f, f, f, f, f, f, f, f, f, f, f, f, f, f, f, f, f, f, f, f, f, f, f, f, f, f, f, f, f, f, f, 
 f, f, f, f, f, f, f, f, f, f, f, f, f, f, f, f, f, t, f, f, f, f, f, f, f, f, t, t, f, t, t, t, t, t, t, f, t, f, f, f, f, f, f, f, f, f, f, f, f, f, f, t, t, f, f, f, f, f, f, f, f, f, f, f, f, t, f, f, f, f, f, f, f, f, f, f, f, f, f, f, f, f, f, f, f, f, f, f, f, f, f, f, f, f, f, f, f, f, f, f, f, f, f, f, f, f, f, f, f, f, f, f, f, f, f, f, f, f, f, f, f, f, f, f, f, 
 f, f, f, f, f, f, f, f, f, f, f, f, f, f, f, f, f, t, f, f, f, t, f, f, f, f, t, t, f, t, t, t, t, t, t, f, t, f, f, f, f, f, f, f, f, f, f, f, t, t, t, t, t, t, t, f, f, t, t, t, t, t, t, t, t, f, f, f, f, f, f, f, f, f, f, t, t, t, f, f, t, t, t, f, f, t, f, f, f, f, f, f, f, f, f, f, f, f, f, f, f, f, f, f, f, f, f, f, f, f, f, f, f, f, f, f, f, f, f, f, f, f, f, f, f, 
 f, f, f, f, f, f, f, f, f, f, f, f, f, f, t, f, f, f, f, f, f, f, f, f, f, f, f, f, f, f, f, f, f, f, f, f, t, f, f, f, f, f, f, f, f, f, f, f, f, f, f, f, f, f, f, f, f, f, f, f, f, f, f, f, f, f, f, f, f, f, f, f, f, f, f, f, f, f, f, f, f, f, f, f, f, t, t, t, f, f, f, f, f, f, f, f, f, f, f, f, f, f, f, f, f, f, f, f, f, f, f, f, f, f, f, f, f, f, f, f, f, f, f, f, f, 
 f, f, f, f, f, f, f, f, f, f, f, f, f, f, t, f, f, t, f, f, f, t, f, f, f, f, t, t, f, t, t, t, t, t, t, f, t, f, f, f, f, f, f, f, f, f, f, f, f, f, f, t, t, f, f, f, f, f, f, f, f, f, f, f, f, t, f, t, f, f, f, f, f, f, f, f, f, f, f, f, f, f, f, t, t, t, t, t, t, f, f, f, f, f, f, f, f, f, f, f, f, f, f, f, f, f, f, f, f, f, f, f, f, f, f, f, f, f, f, f, f, f, f, f, f, 
 f, f, f, f, f, f, f, f, f, f, f, f, f, f, f, f, f, t, f, f, f, f, f, f, f, f, t, t, f, f, t, f, f, t, t, f, f, f, f, f, f, f, f, f, f, f, f, f, f, f, f, f, f, f, f, f, f, f, f, f, t, f, f, f, f, f, f, t, f, f, f, f, f, f, f, f, f, f, f, f, f, f, f, f, f, f, f, f, f, t, t, f, f, f, f, f, f, f, f, f, f, f, f, f, f, f, f, f, f, f, f, f, f, f, f, f, f, f, f, f, f, f, f, f, f, 
 f, f, f, f, f, f, f, f, f, f, f, f, f, f, f, f, f, t, f, f, f, f, f, f, f, f, t, t, f, t, t, t, f, t, t, t, t, f, f, f, f, f, f, f, f, f, f, f, f, f, f, t, f, f, f, f, f, f, f, f, f, f, f, f, f, f, f, f, f, f, f, f, f, f, f, f, f, f, f, f, f, f, f, f, f, f, f, f, f, f, f, f, f, f, f, f, f, f, f, f, f, f, f, f, f, f, f, f, f, f, f, f, f, f, f, f, f, f, f, f, f, f, f, f, f, 
 f, f, f, f, f, f, f, f, f, f, f, f, f, f, f, f, f, t, f, f, f, f, f, f, f, f, t, t, f, f, t, f, f, t, t, f, f, f, f, f, f, f, f, f, f, f, f, f, f, f, f, f, f, f, f, f, f, f, f, f, t, f, f, f, f, f, f, t, f, f, f, f, f, f, f, f, f, f, f, f, f, f, f, f, f, f, f, f, f, t, t, f, f, f, f, f, f, f, f, f, f, f, f, f, f, f, f, f, f, f, f, f, f, f, f, f, f, f, f, f, f, f, f, f, f, 
 f, f, f, f, f, f, f, f, f, f, f, f, f, f, f, f, f, f, f, f, f, f, f, f, f, f, f, f, f, f, f, f, f, f, f, f, f, f, f, f, f, f, f, f, f, f, f, f, f, f, f, f, f, f, f, f, f, f, f, f, f, f, f, f, f, f, f, f, f, f, f, f, f, f, f, f, f, f, f, f, f, f, f, f, f, f, f, f, f, f, f, t, f, f, f, f, f, f, f, f, f, f, f, f, f, f, f, f, f, f, f, f, f, f, f, f, f, f, f, f, f, f, f, f, f, 
 f, f, f, f, f, f, f, f, f, f, f, f, f, f, f, f, f, t, f, f, f, f, f, f, f, f, t, t, f, f, t, f, f, t, t, t, t, f, f, f, f, f, f, f, f, f, f, f, f, f, f, f, f, f, f, f, f, f, f, f, f, f, f, f, f, f, f, t, f, t, f, f, f, t, f, f, f, f, f, f, f, f, f, f, f, f, f, f, f, f, f, f, f, f, f, f, f, f, f, f, f, f, f, f, f, f, f, f, f, f, f, f, f, f, f, f, f, f, f, f, f, f, f, f, f, 
 f, f, f, f, f, f, f, f, f, f, f, f, f, f, f, f, f, t, f, f, f, f, f, f, f, f, t, t, f, f, t, f, f, t, t, f, f, f, f, f, f, f, f, f, f, f, f, f, f, f, f, f, f, f, f, f, f, f, f, f, t, f, f, f, f, f, f, t, f, f, f, f, f, f, f, f, f, f, f, f, f, f, f, f, f, f, f, f, f, t, t, f, f, f, f, f, f, f, f, f, f, f, f, f, f, f, f, f, f, f, f, f, f, f, f, f, f, f, f, f, f, f, f, f, f, 
 f, f, f, f, f, f, f, f, f, f, f, f, f, f, f, f, f, t, f, f, f, f, f, f, f, f, t, t, f, f, t, f, f, t, t, f, f, f, f, f, f, f, f, f, f, f, f, f, f, f, f, f, f, f, f, f, f, f, f, f, t, f, f, f, f, f, f, t, f, f, f, f, f, f, f, f, f, f, f, f, f, f, f, f, f, f, f, f, f, t, t, f, f, f, f, f, f, f, f, f, f, f, f, f, f, f, f, f, f, f, f, f, f, f, f, f, f, f, f, f, f, f, f, f, f, 
 f, f, f, f, f, f, f, f, f, f, f, f, f, f, f, f, f, t, f, f, f, f, f, f, t, f, t, t, f, f, t, f, f, t, t, f, f, f, f, f, f, f, f, f, f, f, f, f, f, f, f, f, f, f, f, f, f, f, f, f, f, f, f, f, f, f, f, t, f, f, f, f, f, f, f, f, f, f, f, f, f, f, f, f, f, f, f, f, f, f, f, f, f, f, f, f, f, f, f, f, f, f, f, f, f, f, f, f, f, f, f, f, f, f, f, f, f, f, f, f, f, f, f, f, f, 
 f, f, f, f, f, f, f, f, f, f, f, f, f, f, f, f, f, f, f, f, f, f, f, f, f, f, f, f, f, f, f, f, f, f, f, f, f, f, f, f, f, f, f, f, f, f, f, f, f, f, f, f, f, f, f, f, f, f, f, f, f, f, f, f, f, f, f, f, f, f, f, f, f, f, f, f, f, f, f, f, f, f, f, f, f, f, f, t, f, f, f, f, f, f, f, f, f, f, f, f, f, f, f, f, f, f, f, f, f, f, f, f, f, f, f, f, f, f, f, f, f, f, f, f, f, 
 f, f, f, f, f, f, f, f, f, f, f, f, f, f, t, f, f, f, f, f, f, f, f, f, f, f, f, f, f, f, f, f, f, f, f, f, t, f, f, f, f, f, f, f, f, f, f, f, f, f, f, f, f, f, f, f, f, f, f, f, f, f, f, f, f, f, f, f, f, f, f, f, f, f, f, f, f, f, f, f, f, f, f, f, f, f, t, t, f, f, f, f, t, t, t, f, f, f, f, f, f, f, f, f, f, f, f, f, f, f, f, f, f, f, f, f, f, f, f, f, f, f, f, f, f, 
 f, f, f, f, f, f, f, f, f, f, f, f, f, f, f, f, f, f, f, f, f, f, f, f, f, f, f, f, f, f, f, f, f, f, f, f, f, f, f, f, f, f, f, f, f, f, f, f, f, f, f, f, f, f, f, f, f, f, f, f, f, f, f, f, f, f, f, f, f, f, f, f, f, f, f, f, f, f, f, f, f, f, f, f, f, f, f, f, f, f, f, f, f, f, f, t, t, t, f, f, f, f, f, f, f, f, f, f, f, f, f, f, f, f, f, f, f, f, f, f, f, f, f, f, f, 
 f, f, f, f, f, f, f, f, f, f, f, f, f, f, t, f, f, f, f, f, f, f, f, f, f, f, f, f, f, f, t, f, f, f, f, f, t, f, f, f, f, f, f, f, f, f, f, f, f, f, f, f, f, f, f, f, t, f, f, f, f, f, f, f, f, f, t, f, f, f, f, f, f, f, f, f, f, f, f, f, f, f, f, f, f, f, t, t, f, f, f, f, t, t, t, t, t, t, t, f, f, f, f, f, f, f, f, f, f, f, f, f, f, f, f, f, f, f, f, f, f, f, f, f, f, 
 f, f, f, f, f, f, f, f, f, f, f, f, f, f, f, f, f, f, f, f, f, f, f, f, f, f, f, f, f, f, f, f, f, f, f, f, f, f, f, f, f, f, f, f, f, f, f, f, f, f, f, f, f, f, f, f, f, f, f, f, f, f, f, f, f, f, f, f, f, f, f, f, f, f, f, f, f, f, t, f, f, f, f, f, f, f, f, f, f, f, f, f, f, f, f, f, f, f, f, t, f, f, f, f, f, f, f, f, f, f, f, f, f, f, f, f, f, f, f, f, f, f, f, f, f, 
 f, f, f, f, f, f, f, f, f, f, f, f, f, f, f, f, f, t, f, f, f, f, f, f, f, f, t, t, t, t, t, t, t, t, t, t, t, t, t, t, t, f, f, f, f, t, f, f, f, f, f, t, t, f, f, f, f, f, f, f, f, f, f, f, f, t, t, f, f, f, f, f, f, f, f, t, t, t, f, f, f, f, f, f, f, f, f, f, t, f, f, f, f, f, f, t, t, t, t, f, f, f, f, f, f, f, f, f, f, f, f, f, f, f, f, f, f, f, f, f, f, f, f, f, f, 
 f, f, f, f, f, f, f, f, f, f, f, f, f, f, f, f, f, f, f, f, f, f, f, f, f, f, t, f, t, f, f, f, f, f, f, t, t, f, f, f, f, f, f, f, f, f, f, f, f, f, f, f, f, f, f, f, f, f, f, f, f, f, f, f, f, f, f, f, f, f, f, f, f, f, f, f, f, f, f, f, f, f, f, f, f, f, f, f, f, f, f, f, f, f, f, f, f, f, f, f, f, f, f, f, f, f, f, f, f, f, f, f, f, f, f, f, f, f, f, f, f, f, f, f, f, 
 f, f, f, f, f, f, f, f, f, f, f, f, f, f, t, f, f, f, f, f, t, f, f, f, f, f, f, f, f, f, f, f, f, f, f, f, t, f, f, f, f, f, f, f, f, f, f, f, f, f, f, f, f, f, f, f, f, f, f, f, f, f, f, f, f, f, f, f, f, f, f, f, f, f, f, f, f, f, f, f, f, f, f, f, f, f, t, t, f, f, f, f, f, f, f, f, f, f, f, f, t, t, t, t, t, t, t, t, t, t, t, t, f, f, f, f, f, f, f, f, f, f, f, f, f, 
 f, f, f, f, f, f, f, f, f, f, f, f, f, f, f, f, f, t, f, f, f, f, f, f, f, f, t, t, f, f, t, f, f, f, t, f, f, f, f, f, f, f, f, f, f, f, f, f, f, f, f, f, f, f, f, f, f, f, f, f, f, f, f, f, f, f, f, f, f, t, f, f, f, t, f, f, f, f, f, f, f, f, f, f, f, f, f, f, f, f, f, f, f, f, f, f, f, f, f, f, f, f, f, f, f, f, f, f, f, f, f, f, f, f, f, f, f, f, f, f, f, f, f, f, f, 
 f, f, f, f, f, f, f, f, f, f, f, f, f, f, f, f, f, f, f, f, f, f, t, f, f, f, f, f, f, f, f, f, f, f, f, f, f, f, f, f, f, f, f, f, f, f, f, f, f, f, f, f, f, f, f, f, f, f, f, f, f, f, f, f, f, f, f, f, f, f, f, f, f, f, f, t, t, t, f, f, f, f, f, f, f, f, f, f, f, f, f, f, f, f, f, f, f, f, f, f, f, f, f, f, f, f, f, f, f, f, f, f, t, t, t, t, t, t, t, t, f, f, f, f, f, 
 f, f, f, f, f, f, f, f, f, f, f, f, f, f, f, f, f, f, f, f, f, f, t, f, f, f, f, f, f, f, f, f, f, f, f, f, f, f, f, f, f, f, f, f, f, f, f, f, f, f, f, f, f, f, f, f, f, f, f, f, f, f, f, f, f, f, f, f, f, f, f, f, f, f, f, f, f, f, f, f, f, f, f, f, f, f, f, f, f, f, f, f, f, f, f, f, f, f, f, f, f, f, f, f, f, f, f, f, f, f, f, f, f, f, f, f, f, t, t, t, f, f, f, f, f, 
 f, f, f, f, f, f, f, f, f, f, f, f, f, f, f, f, f, f, f, f, f, f, f, f, f, f, f, f, f, f, f, f, f, f, f, f, f, f, f, f, f, f, f, f, f, f, f, f, f, f, f, f, f, f, f, f, f, f, f, f, f, f, f, f, f, f, f, f, f, f, f, f, f, f, f, t, t, t, f, f, f, f, f, f, f, f, f, f, f, f, f, f, f, f, f, f, f, f, f, f, f, f, f, f, f, f, f, f, f, f, f, f, t, f, f, f, f, f, f, f, f, f, f, f, f, 
 f, f, f, f, f, f, f, f, f, f, f, f, f, f, f, f, f, f, f, f, f, f, f, f, f, f, f, f, f, f, f, f, f, f, f, f, f, f, f, f, f, f, f, f, f, f, f, f, f, f, f, f, f, f, f, f, f, f, f, f, f, f, f, f, f, f, f, f, f, f, f, f, f, f, f, f, f, f, f, f, f, f, f, f, f, f, f, f, f, f, f, f, f, f, f, f, f, f, f, f, f, f, f, f, f, f, f, f, f, f, f, f, f, t, t, t, t, f, f, f, f, f, f, f, f, 
 f, f, f, f, f, f, f, f, f, f, f, f, f, f, f, f, f, t, f, f, f, t, f, f, f, f, t, t, f, f, f, f, f, t, t, f, t, f, f, f, f, f, f, f, f, f, f, f, f, f, f, f, f, f, f, f, f, f, f, f, f, f, f, f, f, f, f, t, f, f, f, f, f, f, f, f, f, f, f, f, f, f, f, f, f, f, f, f, f, t, t, f, f, f, f, f, f, f, f, f, f, f, f, f, f, f, f, f, f, f, f, f, f, f, f, f, f, f, f, f, f, f, f, f, f, 
 f, f, f, f, f, f, f, f, f, f, f, f, f, f, t, f, f, f, f, f, t, f, f, f, f, f, f, f, f, f, f, f, f, f, f, f, t, f, f, f, f, f, f, f, f, f, f, f, f, f, f, f, f, f, f, f, f, f, f, f, f, f, f, f, f, f, f, f, f, f, f, f, f, f, f, f, f, f, f, f, f, f, f, f, f, f, t, t, f, f, f, f, f, f, f, f, f, f, f, f, t, t, t, t, t, t, t, t, t, t, t, t, f, f, f, f, f, f, f, f, f, f, f, f, f, 
 f, f, f, f, f, f, f, f, f, f, f, f, f, f, f, f, f, f, f, f, f, f, f, f, f, f, f, f, f, f, f, f, f, f, f, f, f, f, f, f, f, f, f, f, f, f, f, f, f, f, f, f, f, f, f, f, f, f, f, f, f, f, f, f, f, f, f, f, f, f, f, f, f, f, f, f, f, f, f, t, f, f, f, f, f, f, f, f, f, f, f, f, f, f, f, f, f, f, f, f, f, f, f, f, f, f, f, f, f, f, f, f, f, f, f, f, f, f, f, f, f, f, f, f, f, 
 f, f, f, f, f, f, f, f, f, f, f, f, f, f, f, f, t, f, f, f, f, f, f, f, f, f, f, f, f, f, f, f, f, f, f, f, f, f, f, f, f, f, f, f, f, f, f, f, f, f, f, f, f, f, f, f, f, f, f, f, f, f, f, f, f, f, f, f, f, f, f, f, f, f, f, f, f, f, t, f, f, f, f, f, f, f, f, f, f, f, f, t, f, f, f, f, f, f, f, t, f, f, f, f, f, f, f, f, f, f, f, f, f, f, f, f, f, f, f, f, t, f, f, f, f, 
 t, f, f, f, f, t, f, f, f, f, f, f, f, f, f, f, t, f, f, f, f, f, f, f, f, f, f, f, f, f, f, f, f, f, f, f, f, f, f, f, f, f, f, f, f, f, f, f, f, f, f, f, f, f, f, f, f, f, f, f, f, f, f, f, f, f, f, f, f, f, f, f, f, f, f, f, f, f, f, f, f, f, f, f, f, f, f, f, f, f, f, f, f, f, f, f, f, f, f, f, f, f, f, f, f, f, f, f, f, f, f, f, f, f, f, f, f, f, f, f, f, f, f, f, f, 
 f, f, f, f, f, f, f, f, f, f, f, f, f, f, f, f, f, f, f, f, f, f, f, f, f, f, f, f, f, f, f, f, f, f, f, f, f, f, f, f, f, f, f, f, f, f, f, f, f, f, f, f, f, f, f, f, f, f, f, f, f, f, f, f, f, f, f, f, f, f, f, f, f, f, f, f, f, f, f, f, f, f, f, f, f, f, f, f, f, f, f, f, f, f, f, f, f, f, f, f, f, f, f, f, f, f, f, f, f, f, f, f, f, f, f, f, f, f, f, f, f, f, f, f, f, 
 f, f, f, f, f, f, f, f, f, f, f, f, f, f, f, f, f, f, f, f, f, f, t, t, f, f, f, t, f, f, f, f, f, f, f, f, f, f, f, f, f, f, f, f, f, f, f, f, f, f, f, f, f, f, f, t, f, f, f, f, f, f, f, f, f, f, f, f, f, f, f, f, f, f, f, f, f, f, f, f, f, f, f, f, f, f, f, f, f, f, f, f, f, f, f, f, f, f, f, f, f, f, f, f, f, f, f, f, f, f, f, f, f, f, f, f, f, f, f, f, f, t, t, t, t, 
 f, f, f, f, f, f, f, f, f, f, f, f, f, f, f, f, f, f, f, f, f, f, t, t, f, f, t, t, f, f, f, f, f, f, f, f, f, f, f, f, f, f, f, f, f, f, f, f, f, f, f, f, f, f, f, f, f, f, f, f, f, f, f, f, f, t, f, f, f, f, f, f, f, f, f, f, f, f, f, f, f, f, f, f, f, f, f, f, f, f, f, f, f, f, f, f, f, f, f, f, f, f, f, f, f, f, f, f, f, f, f, f, f, f, f, f, f, f, f, f, f, t, t, t, t, 
 f, f, f, f, f, f, f, f, f, f, f, f, f, f, f, t, f, f, f, f, f, f, f, f, f, f, f, f, f, f, f, f, f, f, f, f, f, f, f, f, f, f, f, f, f, f, f, f, f, f, f, f, f, f, f, f, f, f, f, f, f, f, f, f, f, f, f, f, f, f, f, f, f, f, f, f, f, f, f, f, f, f, f, f, f, f, f, f, f, f, f, f, f, f, f, f, f, f, f, f, f, f, f, f, f, f, f, f, f, f, f, f, f, f, f, f, f, f, f, f, t, f, f, f, f, 
 t, f, f, f, f, f, f, f, f, f, f, f, f, f, f, f, f, f, f, f, f, f, f, f, f, f, f, f, f, f, f, f, f, f, f, f, f, f, f, f, f, f, f, f, f, f, f, f, f, f, f, f, f, f, f, f, f, f, f, f, f, f, f, f, f, f, f, f, f, f, f, f, f, f, f, f, f, f, f, f, f, f, f, f, f, f, f, f, f, f, f, f, f, f, f, f, f, f, f, f, f, f, f, f, f, f, f, f, f, f, f, f, f, f, f, f, f, f, f, f, f, f, f, f, f, 
 f, f, f, f, f, f, f, f, f, f, f, f, f, f, f, f, f, f, f, f, f, f, f, f, f, f, f, f, f, f, f, f, f, f, f, f, f, f, f, f, f, f, f, f, f, f, f, f, f, f, f, f, f, f, f, f, f, f, f, f, f, f, f, f, f, f, f, f, f, f, f, f, f, f, f, f, f, f, f, f, f, f, f, f, f, f, f, f, f, f, f, f, f, f, f, f, f, f, f, f, f, f, f, f, f, t, f, f, f, f, f, f, f, f, f, f, f, f, f, f, f, f, f, f, f, 
 f, f, f, f, f, f, f, f, f, f, f, f, f, f, f, f, f, f, f, f, t, f, f, f, f, f, f, f, f, f, f, f, f, f, f, f, f, f, f, f, f, f, f, f, f, f, f, f, f, f, f, f, f, f, f, f, f, f, f, f, f, f, f, f, f, f, f, f, f, f, f, f, f, f, f, f, f, f, f, f, f, f, f, f, f, f, f, f, f, f, f, f, f, f, f, f, f, f, f, f, f, f, f, f, f, f, f, f, f, f, f, f, f, f, f, f, f, f, f, f, f, f, f, f, f, 
 f, f, f, f, f, t, f, f, f, f, f, f, f, f, f, f, f, f, f, f, f, f, f, f, f, f, f, f, f, f, f, f, f, f, f, f, f, f, f, f, f, f, f, f, f, f, f, f, f, f, f, f, f, f, f, f, f, f, f, f, f, f, f, f, f, f, f, f, f, f, f, f, f, f, f, f, f, f, f, f, f, f, f, f, f, f, f, f, f, f, f, f, f, f, f, f, f, f, f, f, f, f, f, f, f, f, f, f, f, f, f, f, f, f, f, f, f, f, f, f, f, f, f, f, f, 
