 object ,1428,,,,,,,,,,,,,,,,,,,,,,,,,,,,
 parsemobydatajpegimage ,1428,,,,,,,,,,,,,,,,,,,,,,,,,,,,
 parsemobydatasimpleannotatedjpegimage ,1428,,,,,,,,,,,,,,,,,,,,,,,,,,,,
 getdragonsimpleannotatedimages ,1428,,,,,,,,,,,,,,,,,,,,,,,,,,,,
 getjpegfromannotatedimage ,1428,,,,,,,,,,,,,,,,,,,,,,,,,,,,
 id ,1428,32,740,,,,,,,,,,,,,,,,,,,,,,,,,,
 namespace ,1428,,,,,,,,,,,,,,,,,,,,,,,,,,,,
 decodebase64tobyte ,1428,,,,,,,,,,,,,,,,,,,,,,,,,,,,
 getfastauniprotentry ,32,1451,1452,32,1492,1493,,,,,,,,,,,,,,,,,,,,,,,
 sequencedatabase ,32,1451,1452,32,32,1457,1492,32,,,,,,,,,,,,,,,,,,,,,
 bioinformaticsprogram ,32,1451,32,32,1492,1493,32,158,,,,,,,,,,,,,,,,,,,,,
 uniprotaccession ,32,1451,1452,32,1492,1493,,,,,,,,,,,,,,,,,,,,,,,
 searchsimple ,32,32,32,1493,158,32,,,,,,,,,,,,,,,,,,,,,,,
 extractposition ,32,1451,32,32,,,,,,,,,,,,,,,,,,,,,,,,,
 bioinformaticsparameter ,1451,1452,32,1457,1492,32,,,,,,,,,,,,,,,,,,,,,,,
 searchparallel ,1451,32,1492,32,,,,,,,,,,,,,,,,,,,,,,,,,
 bioinformaticsprograms ,1452,1457,,,,,,,,,,,,,,,,,,,,,,,,,,,
 searchparam ,1452,1457,,,,,,,,,,,,,,,,,,,,,,,,,,,
 getfastaddbjentry ,32,1457,32,32,158,,,,,,,,,,,,,,,,,,,,,,,,
 ddbjaccession ,32,1457,32,32,158,,,,,,,,,,,,,,,,,,,,,,,,
 biologicalsequencedatabase ,1493,158,,,,,,,,,,,,,,,,,,,,,,,,,,,
 createfasta ,165,,,,,,,,,,,,,,,,,,,,,,,,,,,,
 getuniquehomolog ,165,,,,,,,,,,,,,,,,,,,,,,,,,,,,
 emma ,165,,,,,,,,,,,,,,,,,,,,,,,,,,,,
 gethssequence ,165,,,,,,,,,,,,,,,,,,,,,,,,,,,,
 getmmsequence ,165,,,,,,,,,,,,,,,,,,,,,,,,,,,,
 getrnsequence ,165,,,,,,,,,,,,,,,,,,,,,,,,,,,,
 hsapiensgeneensembl ,165,,,,,,,,,,,,,,,,,,,,,,,,,,,,
 plot ,165,,,,,,,,,,,,,,,,,,,,,,,,,,,,
 seqret ,165,167,216,217,218,229,230,235,32,,,,,,,,,,,,,,,,,,,,
 flattenimagelist ,165,,,,,,,,,,,,,,,,,,,,,,,,,,,,
 stringconstant ,167,,,,,,,,,,,,,,,,,,,,,,,,,,,,
 rcsbprefix ,168,,,,,,,,,,,,,,,,,,,,,,,,,,,,
 pdbid ,168,,,,,,,,,,,,,,,,,,,,,,,,,,,,
 addprefixtoid ,168,,,,,,,,,,,,,,,,,,,,,,,,,,,,
 rcsbsuffix ,168,,,,,,,,,,,,,,,,,,,,,,,,,,,,
 addsuffix ,168,,,,,,,,,,,,,,,,,,,,,,,,,,,,
 fetchpage ,168,,,,,,,,,,,,,,,,,,,,,,,,,,,,
 proteinid ,32,,,,,,,,,,,,,,,,,,,,,,,,,,,,
 nucid ,32,,,,,,,,,,,,,,,,,,,,,,,,,,,,
 getnucleotidegbseqxml ,32,,,,,,,,,,,,,,,,,,,,,,,,,,,,
 getproteingbseqxml ,32,,,,,,,,,,,,,,,,,,,,,,,,,,,,
 getnucleotidetinyseqxml ,32,,,,,,,,,,,,,,,,,,,,,,,,,,,,
 getnucleotidefasta ,32,738,,,,,,,,,,,,,,,,,,,,,,,,,,,
 getproteinfasta ,32,377,32,,,,,,,,,,,,,,,,,,,,,,,,,,
 getproteininsdseqxml ,32,,,,,,,,,,,,,,,,,,,,,,,,,,,,
 getnucleotideinsdseqxml ,32,,,,,,,,,,,,,,,,,,,,,,,,,,,,
 getproteintinyseqxml ,32,,,,,,,,,,,,,,,,,,,,,,,,,,,,
 jobid ,1697,32,32,199,200,32,203,204,205,206,207,32,209,211,212,213,215,217,218,219,22,220,222,224,225,227,32,236,251
 isrunning ,1697,32,,,,,,,,,,,,,,,,,,,,,,,,,,,
 getstatus ,1697,32,,,,,,,,,,,,,,,,,,,,,,,,,,,
 parametersxml ,1697,32,235,32,32,,,,,,,,,,,,,,,,,,,,,,,,
 databases ,1697,,,,,,,,,,,,,,,,,,,,,,,,,,,,
 email ,1697,32,200,211,212,215,217,218,251,,,,,,,,,,,,,,,,,,,,
 program ,1697,210,32,377,32,,,,,,,,,,,,,,,,,,,,,,,,
 sequence ,1697,32,237,238,6,737,,,,,,,,,,,,,,,,,,,,,,,
 sequencetype ,1697,,,,,,,,,,,,,,,,,,,,,,,,,,,,
 bytetostring ,1697,32,6,737,,,,,,,,,,,,,,,,,,,,,,,,,
 jobstatuspoll ,1697,,,,,,,,,,,,,,,,,,,,,,,,,,,,
 getresult ,1697,32,227,,,,,,,,,,,,,,,,,,,,,,,,,,
 run ,1697,32,,,,,,,,,,,,,,,,,,,,,,,,,,,
 jobstatus ,32,,,,,,,,,,,,,,,,,,,,,,,,,,,,
 isdone ,32,199,200,32,203,204,205,206,207,32,209,211,212,213,215,217,218,219,22,220,222,224,225,227,32,233,236,251,737
 checkstatus ,32,199,200,32,203,204,205,206,207,32,209,211,212,213,215,217,218,219,22,220,222,224,225,227,32,236,251,6,737
 blastprogram ,32,199,32,203,211,32,233,,,,,,,,,,,,,,,,,,,,,,
 contentlist ,32,199,32,203,204,205,206,32,211,213,215,217,218,22,32,,,,,,,,,,,,,,
 emailaddress ,32,199,32,203,204,205,206,207,32,209,211,213,215,217,218,219,22,220,222,224,225,227,230,32,236,,,,
 gettextresult ,32,199,200,32,203,205,206,209,211,212,213,215,217,218,22,32,,,,,,,,,,,,,
 getxmlresult ,32,199,200,32,203,205,206,209,211,213,215,217,218,32,,,,,,,,,,,,,,,
 inputdata ,32,199,200,32,203,204,205,206,207,32,209,211,212,213,215,217,218,219,22,220,222,224,225,227,32,251,,,
 jobparams ,32,199,32,203,204,205,206,207,32,209,211,212,213,215,217,218,219,22,220,222,224,225,227,32,236,251,,,
 searchdatabase ,32,199,32,203,209,211,22,222,32,233,,,,,,,,,,,,,,,,,,,
 sequenceorid ,32,199,200,32,203,205,206,209,211,212,213,215,216,217,218,22,222,229,230,32,233,235,251,32,,,,,
 runwublast ,32,199,211,32,,,,,,,,,,,,,,,,,,,,,,,,,
 decodetextresult ,32,199,211,32,,,,,,,,,,,,,,,,,,,,,,,,,
 decodexmlresult ,32,199,211,32,,,,,,,,,,,,,,,,,,,,,,,,,
 gethitidlist ,32,199,211,32,,,,,,,,,,,,,,,,,,,,,,,,,
 askforemail ,199,32,203,206,,,,,,,,,,,,,,,,,,,,,,,,,
 askforsequence ,199,32,203,206,,,,,,,,,,,,,,,,,,,,,,,,,
 makedatabaselist ,199,32,203,,,,,,,,,,,,,,,,,,,,,,,,,,
 makeprogramlist ,199,203,,,,,,,,,,,,,,,,,,,,,,,,,,,
 ebiwublast ,199,32,,,,,,,,,,,,,,,,,,,,,,,,,,,
 selectdatabase ,199,32,203,,,,,,,,,,,,,,,,,,,,,,,,,,
 selectprogram ,199,203,,,,,,,,,,,,,,,,,,,,,,,,,,,
 database ,200,21,210,211,215,32,32,377,32,,,,,,,,,,,,,,,,,,,,
 fastaprogram ,200,215,,,,,,,,,,,,,,,,,,,,,,,,,,,
 inputdatalist ,200,215,,,,,,,,,,,,,,,,,,,,,,,,,,,
 fastajobparams ,200,215,,,,,,,,,,,,,,,,,,,,,,,,,,,
 unpacktextresult ,200,32,203,205,206,209,213,215,217,218,22,32,,,,,,,,,,,,,,,,,
 unpackxmlresult ,200,32,203,205,206,209,213,215,217,218,32,,,,,,,,,,,,,,,,,,
 runfasta ,200,215,,,,,,,,,,,,,,,,,,,,,,,,,,,
 getids ,200,32,203,209,215,,,,,,,,,,,,,,,,,,,,,,,,
 makefastaprogramlist ,32,,,,,,,,,,,,,,,,,,,,,,,,,,,,
 selectfastaprogram ,32,,,,,,,,,,,,,,,,,,,,,,,,,,,,
 ebifasta ,32,,,,,,,,,,,,,,,,,,,,,,,,,,,,
 runncbiblast ,32,203,6,,,,,,,,,,,,,,,,,,,,,,,,,,
 ebincbiblast ,203,230,,,,,,,,,,,,,,,,,,,,,,,,,,,
 getalignmentresult ,204,32,211,215,,,,,,,,,,,,,,,,,,,,,,,,,
 getguidetreeresult ,204,32,211,215,,,,,,,,,,,,,,,,,,,,,,,,,
 getoutputresult ,204,32,211,215,,,,,,,,,,,,,,,,,,,,,,,,,
 sequences ,204,32,211,215,219,220,224,225,,,,,,,,,,,,,,,,,,,,,
 unpackalignmentresult ,204,32,211,215,,,,,,,,,,,,,,,,,,,,,,,,,
 unpackguidetreeresult ,204,32,211,215,,,,,,,,,,,,,,,,,,,,,,,,,
 unpackoutputresult ,204,32,211,215,,,,,,,,,,,,,,,,,,,,,,,,,
 runclustalw ,204,207,32,211,215,,,,,,,,,,,,,,,,,,,,,,,,
 runinterproscan ,205,206,213,217,218,32,737,,,,,,,,,,,,,,,,,,,,,,
 ebiinterproscan ,206,230,32,,,,,,,,,,,,,,,,,,,,,,,,,,
 contentslist ,207,32,209,211,212,217,218,219,220,222,224,225,227,251,,,,,,,,,,,,,,,
 getnjtreeresult ,207,32,211,,,,,,,,,,,,,,,,,,,,,,,,,,
 getoutput ,207,32,211,222,236,,,,,,,,,,,,,,,,,,,,,,,,
 getphyliptreeresult ,207,32,211,,,,,,,,,,,,,,,,,,,,,,,,,,
 sequencealignment ,207,32,211,,,,,,,,,,,,,,,,,,,,,,,,,,
 unpacknjtree ,207,32,211,,,,,,,,,,,,,,,,,,,,,,,,,,
 unpackoutput ,207,32,211,222,236,,,,,,,,,,,,,,,,,,,,,,,,
 unpackphyliptree ,207,32,211,,,,,,,,,,,,,,,,,,,,,,,,,,
 clustalwalignment ,32,,,,,,,,,,,,,,,,,,,,,,,,,,,,
 clustalwphylogenetictree ,32,,,,,,,,,,,,,,,,,,,,,,,,,,,,
 runblastpgp ,209,,,,,,,,,,,,,,,,,,,,,,,,,,,,
 idlist ,21,211,215,32,237,244,,,,,,,,,,,,,,,,,,,,,,,
 formatlistfordbfetch ,21,211,215,32,237,244,,,,,,,,,,,,,,,,,,,,,,,
 fetchbatch ,21,211,215,32,237,244,,,,,,,,,,,,,,,,,,,,,,,
 blastddbj ,210,32,377,,,,,,,,,,,,,,,,,,,,,,,,,,
 query ,210,368,,,,,,,,,,,,,,,,,,,,,,,,,,,
 blastfilecomparer ,210,,,,,,,,,,,,,,,,,,,,,,,,,,,,
 chromosomefilter ,210,,,,,,,,,,,,,,,,,,,,,,,,,,,,
 speciesfilter ,210,,,,,,,,,,,,,,,,,,,,,,,,,,,,
 sss ,211,215,,,,,,,,,,,,,,,,,,,,,,,,,,,
 sssprogram ,211,215,,,,,,,,,,,,,,,,,,,,,,,,,,,
 fetchsequences ,211,,,,,,,,,,,,,,,,,,,,,,,,,,,,
 msa ,211,215,,,,,,,,,,,,,,,,,,,,,,,,,,,
 phylogenetictree ,211,,,,,,,,,,,,,,,,,,,,,,,,,,,,
 runphobius ,212,217,218,,,,,,,,,,,,,,,,,,,,,,,,,,
 unpacktextoutput ,212,217,218,,,,,,,,,,,,,,,,,,,,,,,,,,
 fetchhits ,215,,,,,,,,,,,,,,,,,,,,,,,,,,,,
 tmap ,215,216,217,218,,,,,,,,,,,,,,,,,,,,,,,,,
 issequence ,216,217,218,229,230,235,32,,,,,,,,,,,,,,,,,,,,,,
 fetchdata ,216,217,218,228,229,230,235,32,,,,,,,,,,,,,,,,,,,,,
 formatasgff ,217,218,32,,,,,,,,,,,,,,,,,,,,,,,,,,
 ebiinterproscantmhmmsignalp ,217,218,,,,,,,,,,,,,,,,,,,,,,,,,,,
 ebiphobius ,217,218,,,,,,,,,,,,,,,,,,,,,,,,,,,
 tmapsingleseq ,217,218,,,,,,,,,,,,,,,,,,,,,,,,,,,
 mergegff ,217,218,,,,,,,,,,,,,,,,,,,,,,,,,,,
 getalignment ,219,220,224,225,251,,,,,,,,,,,,,,,,,,,,,,,,
 moleculetype ,219,,,,,,,,,,,,,,,,,,,,,,,,,,,,
 runkalign ,219,,,,,,,,,,,,,,,,,,,,,,,,,,,,
 unpackalignment ,219,220,224,225,251,,,,,,,,,,,,,,,,,,,,,,,,
 mpsrchprogram ,22,,,,,,,,,,,,,,,,,,,,,,,,,,,,
 runmpsrch ,22,,,,,,,,,,,,,,,,,,,,,,,,,,,,
 runmafft ,220,,,,,,,,,,,,,,,,,,,,,,,,,,,,
 blastfile ,221,,,,,,,,,,,,,,,,,,,,,,,,,,,,
 gioption ,221,,,,,,,,,,,,,,,,,,,,,,,,,,,,
 blastsimplifier ,221,377,,,,,,,,,,,,,,,,,,,,,,,,,,,
 searchmode ,222,,,,,,,,,,,,,,,,,,,,,,,,,,,,
 runscanps ,222,,,,,,,,,,,,,,,,,,,,,,,,,,,,
 runmuscle ,224,,,,,,,,,,,,,,,,,,,,,,,,,,,,
 runtcoffee ,225,,,,,,,,,,,,,,,,,,,,,,,,,,,,
 pdbformatcoordinates ,227,,,,,,,,,,,,,,,,,,,,,,,,,,,,
 runmaxsprout ,227,,,,,,,,,,,,,,,,,,,,,,,,,,,,
 unpackresult ,227,,,,,,,,,,,,,,,,,,,,,,,,,,,,
 structureorid ,228,,,,,,,,,,,,,,,,,,,,,,,,,,,,
 isstructure ,228,,,,,,,,,,,,,,,,,,,,,,,,,,,,
 usestructure ,228,,,,,,,,,,,,,,,,,,,,,,,,,,,,
 minimumorflength ,229,230,,,,,,,,,,,,,,,,,,,,,,,,,,,
 translationtable ,229,230,,,,,,,,,,,,,,,,,,,,,,,,,,,
 getorf ,229,230,,,,,,,,,,,,,,,,,,,,,,,,,,,
 fastastring ,23,230,32,,,,,,,,,,,,,,,,,,,,,,,,,,
 addangle ,23,230,32,,,,,,,,,,,,,,,,,,,,,,,,,,
 splitintosequences ,23,230,32,,,,,,,,,,,,,,,,,,,,,,,,,,
 fastastringtofastalist ,230,32,,,,,,,,,,,,,,,,,,,,,,,,,,,
 nucleotideorftranslation ,230,,,,,,,,,,,,,,,,,,,,,,,,,,,,
 queryseq ,32,377,,,,,,,,,,,,,,,,,,,,,,,,,,,
 ebidbfetchfetchbatch ,32,,,,,,,,,,,,,,,,,,,,,,,,,,,,
 blastdatabase ,233,,,,,,,,,,,,,,,,,,,,,,,,,,,,
 querysequence ,233,,,,,,,,,,,,,,,,,,,,,,,,,,,,
 buildqblastputurl ,233,,,,,,,,,,,,,,,,,,,,,,,,,,,,
 qblastput ,233,,,,,,,,,,,,,,,,,,,,,,,,,,,,
 extractqblastjobid ,233,,,,,,,,,,,,,,,,,,,,,,,,,,,,
 qblastjobid ,233,,,,,,,,,,,,,,,,,,,,,,,,,,,,
 buildqblastgeturl ,233,,,,,,,,,,,,,,,,,,,,,,,,,,,,
 extractqblaststatus ,233,,,,,,,,,,,,,,,,,,,,,,,,,,,,
 qblastget ,233,,,,,,,,,,,,,,,,,,,,,,,,,,,,
 gi ,235,32,,,,,,,,,,,,,,,,,,,,,,,,,,,
 buildfastaseq ,235,32,,,,,,,,,,,,,,,,,,,,,,,,,,,
 extractaccver ,235,32,,,,,,,,,,,,,,,,,,,,,,,,,,,
 extractdes ,235,32,,,,,,,,,,,,,,,,,,,,,,,,,,,
 extractseq ,235,32,,,,,,,,,,,,,,,,,,,,,,,,,,,
 flattenlist ,235,32,32,,,,,,,,,,,,,,,,,,,,,,,,,,
 xpathfromtext ,235,32,,,,,,,,,,,,,,,,,,,,,,,,,,,
 runefetchms ,235,32,,,,,,,,,,,,,,,,,,,,,,,,,,,
 mergestringlisttostring ,235,32,,,,,,,,,,,,,,,,,,,,,,,,,,,
 sequenceoridorgi ,235,32,,,,,,,,,,,,,,,,,,,,,,,,,,,
 isgi ,235,32,,,,,,,,,,,,,,,,,,,,,,,,,,,
 getfastafromgi ,235,32,,,,,,,,,,,,,,,,,,,,,,,,,,,
 chainid ,236,,,,,,,,,,,,,,,,,,,,,,,,,,,,
 structure ,236,,,,,,,,,,,,,,,,,,,,,,,,,,,,
 rundalilite ,236,,,,,,,,,,,,,,,,,,,,,,,,,,,,
 extractentries ,237,244,,,,,,,,,,,,,,,,,,,,,,,,,,,
 uniparcid ,237,245,,,,,,,,,,,,,,,,,,,,,,,,,,,
 buildinterpromatchesuniparcurl ,237,245,,,,,,,,,,,,,,,,,,,,,,,,,,,
 getentryfromsrs ,237,245,,,,,,,,,,,,,,,,,,,,,,,,,,,
 checkforsrserror ,237,245,,,,,,,,,,,,,,,,,,,,,,,,,,,
 picrinputparams ,237,238,,,,,,,,,,,,,,,,,,,,,,,,,,,
 getupiforsequence ,237,238,,,,,,,,,,,,,,,,,,,,,,,,,,,
 unwrappicrresult ,237,238,,,,,,,,,,,,,,,,,,,,,,,,,,,
 ebipicrsequencetoid ,237,,,,,,,,,,,,,,,,,,,,,,,,,,,,
 ebifetchinterpromatchesuniparc ,237,,,,,,,,,,,,,,,,,,,,,,,,,,,,
 spitpicrresult ,237,,,,,,,,,,,,,,,,,,,,,,,,,,,,
 ebidbfetchuniparc ,237,,,,,,,,,,,,,,,,,,,,,,,,,,,,
 getmaskedsequence ,251,,,,,,,,,,,,,,,,,,,,,,,,,,,,
 gettable ,251,,,,,,,,,,,,,,,,,,,,,,,,,,,,
 repeatlibrary ,251,,,,,,,,,,,,,,,,,,,,,,,,,,,,
 unpackmaskedsequence ,251,,,,,,,,,,,,,,,,,,,,,,,,,,,,
 runcensor ,251,,,,,,,,,,,,,,,,,,,,,,,,,,,,
 unpacktable ,251,,,,,,,,,,,,,,,,,,,,,,,,,,,,
 sequenceorigin ,32,,,,,,,,,,,,,,,,,,,,,,,,,,,,
 gettrna ,32,,,,,,,,,,,,,,,,,,,,,,,,,,,,
 inputparameters ,368,,,,,,,,,,,,,,,,,,,,,,,,,,,,
 unwrapresult ,368,,,,,,,,,,,,,,,,,,,,,,,,,,,,
 findbinaryinteractions ,368,,,,,,,,,,,,,,,,,,,,,,,,,,,,
 ginumber ,377,738,,,,,,,,,,,,,,,,,,,,,,,,,,,
 splitbynewline ,377,,,,,,,,,,,,,,,,,,,,,,,,,,,,
 stproteinid ,4,,,,,,,,,,,,,,,,,,,,,,,,,,,,
 ndproteinid ,4,,,,,,,,,,,,,,,,,,,,,,,,,,,,
 stproteinstructure ,4,,,,,,,,,,,,,,,,,,,,,,,,,,,,
 ndproteinstructure ,4,,,,,,,,,,,,,,,,,,,,,,,,,,,,
 boxshade ,4,,,,,,,,,,,,,,,,,,,,,,,,,,,,
 mustang ,4,,,,,,,,,,,,,,,,,,,,,,,,,,,,
 job ,6,737,,,,,,,,,,,,,,,,,,,,,,,,,,,
 wsarrayofdataxml ,6,737,,,,,,,,,,,,,,,,,,,,,,,,,,,
 contentxml ,6,737,,,,,,,,,,,,,,,,,,,,,,,,,,,
 paramsxml ,6,,,,,,,,,,,,,,,,,,,,,,,,,,,,
 poll ,6,737,,,,,,,,,,,,,,,,,,,,,,,,,,,
 params ,737,,,,,,,,,,,,,,,,,,,,,,,,,,,,
 checkstatusworkflow ,737,,,,,,,,,,,,,,,,,,,,,,,,,,,,
 blastp ,738,,,,,,,,,,,,,,,,,,,,,,,,,,,,
 swiss ,738,,,,,,,,,,,,,,,,,,,,,,,,,,,,
 genscan ,738,,,,,,,,,,,,,,,,,,,,,,,,,,,,
 genscansplitter ,738,,,,,,,,,,,,,,,,,,,,,,,,,,,,
 repeatmasker ,738,,,,,,,,,,,,,,,,,,,,,,,,,,,,
 blast ,738,,,,,,,,,,,,,,,,,,,,,,,,,,,,
 keyin ,740,,,,,,,,,,,,,,,,,,,,,,,,,,,,
 checkforsuccess ,740,,,,,,,,,,,,,,,,,,,,,,,,,,,,
 getoperationstatusin ,740,,,,,,,,,,,,,,,,,,,,,,,,,,,,
 getoperationstatus ,740,,,,,,,,,,,,,,,,,,,,,,,,,,,,
 getoperationstatusout ,740,,,,,,,,,,,,,,,,,,,,,,,,,,,,
 compression ,740,,,,,,,,,,,,,,,,,,,,,,,,,,,,
 download ,740,,,,,,,,,,,,,,,,,,,,,,,,,,,,
 downloadin ,740,,,,,,,,,,,,,,,,,,,,,,,,,,,,
 downloadout ,740,,,,,,,,,,,,,,,,,,,,,,,,,,,,
 format ,740,,,,,,,,,,,,,,,,,,,,,,,,,,,,
 getdownloadurl ,740,,,,,,,,,,,,,,,,,,,,,,,,,,,,
 getdownloadurlin ,740,,,,,,,,,,,,,,,,,,,,,,,,,,,,
 inputlisttext ,740,,,,,,,,,,,,,,,,,,,,,,,,,,,,
 inputlisttextin ,740,,,,,,,,,,,,,,,,,,,,,,,,,,,,
 inputlisttextout ,740,,,,,,,,,,,,,,,,,,,,,,,,,,,,
 statuscheck ,740,,,,,,,,,,,,,,,,,,,,,,,,,,,,
 idtype ,740,,,,,,,,,,,,,,,,,,,,,,,,,,,,
 getdownloadurlout ,740,,,,,,,,,,,,,,,,,,,,,,,,,,,,
 bgetin ,32,,,,,,,,,,,,,,,,,,,,,,,,,,,,
 convertlistofkeggidsinto1elementlistoflists ,32,,,,,,,,,,,,,,,,,,,,,,,,,,,,
 getimagefromurl ,32,,,,,,,,,,,,,,,,,,,,,,,,,,,,
 removeduplicatestrings ,32,,,,,,,,,,,,,,,,,,,,,,,,,,,,
 splitstringintostringlistbyregularexpression ,32,,,,,,,,,,,,,,,,,,,,,,,,,,,,
 markpathwaybyobjects ,32,,,,,,,,,,,,,,,,,,,,,,,,,,,,
 bget ,32,,,,,,,,,,,,,,,,,,,,,,,,,,,,
 getpathwaysbycompounds ,32,,,,,,,,,,,,,,,,,,,,,,,,,,,,
 beanshellscriptinghost ,32,,,,,,,,,,,,,,,,,,,,,,,,,,,,
 ncbidatabase ,32,,,,,,,,,,,,,,,,,,,,,,,,,,,,
 fetchcompoundimage ,32,,,,,,,,,,,,,,,,,,,,,,,,,,,,
 fetchcompoundinfo ,32,,,,,,,,,,,,,,,,,,,,,,,,,,,,
 terms ,32,,,,,,,,,,,,,,,,,,,,,,,,,,,,
 ncbiesearch ,32,,,,,,,,,,,,,,,,,,,,,,,,,,,,
 requestxml ,32,,,,,,,,,,,,,,,,,,,,,,,,,,,,
 runesummary ,32,,,,,,,,,,,,,,,,,,,,,,,,,,,,
 proteinsequences ,,32,,,,,,,,,,,,,,,,,,,,,,,,,,,
 concatenatetwostrings ,,32,,,,,,,,,,,,,,,,,,,,,,,,,,,
 regex ,,32,,,,,,,,,,,,,,,,,,,,,,,,,,,
 splitstringintolist ,,32,,,,,,,,,,,,,,,,,,,,,,,,,,,
 removefirstcharacter  ,,32,,,,,,,,,,,,,,,,,,,,,,,,,,,
